course_id|category|cname|duration|region|owner|created_at|db_stamp
50f521ee52665d007f018a0c|Password|P Protection|116|swiss|william74@barnes.com|1951-09-05|2020-11-24 13:25:18
50f521ee52665d007f018a0d|Phishing|Phish Guard -1|121|all|xpittman@yahoo.com|2009-06-17|2020-10-17 21:20:41
50f521ee52665d007f018a0e|Security|CyberSecurity nuggets|188|all|amorris@munoz.com|2002-10-20|2021-02-17 04:35:54
50f521ee52665d007f018a0f|HR|Beware of Harassment|316|all|adrian20@yahoo.com|1907-06-04|2021-06-26 13:07:26
50f521ee52665d007f018a10|Smishing|Smishing Intro|360|all|amanda77@williams.com|1915-06-08|2020-01-19 21:39:29
50f521ee52665d007f018a11|Ethics|Employee Ethics|400|in|bgonzalez@hotmail.com|1995-04-18|2020-10-21 02:55:35
50f521ee52665d007f018a12|Security|CyberSecurity Intro|123|all|bhess@shannon.com|1940-07-28|2020-12-26 05:25:04
50f521ee52665d007f018a13|Phishing|Phish Guard -2|99|swiss|williamserik@martin.com|1982-09-14|2020-09-04 00:28:14
50f521ee52665d007f018a14|HR|Gender Equality|69|all|cheyenne14@mckay-stewart.org|1926-04-28|2020-05-01 12:06:34
50f521ee52665d007f018a15|Ethics|Employment Equality|69|all|pateljorge@hotmail.com|1923-08-28|2020-08-26 17:09:03
50f521ee52665d007f018a25|HR|Life Skills|369|all|pateljorge@hotmail.com|1923-08-28|2020-08-26 17:09:03
50f521ee52665d007f018a35|Security|Ethical Hacking Skills|369|swiss|pateljorge@hotmail.com|1923-08-28|2020-08-26 17:09:03
50f521ee52665d007f018a45|Security|New Standards of Security|369|swiss|pateljorge@hotmail.com|1923-08-28|2020-08-26 17:09:03
50f521ee52665d007f018a55|Phishing|Identify Baits|144|swiss|pateljorge@hotmail.com|1923-08-28|2020-08-26 17:09:03
50f521ee52665d007f018a65|Security|Securing Your Surroundings|369|swiss|pateljorge@hotmail.com|1923-08-28|2020-08-26 17:09:03
50f521ee52665d007f018a16|Smishing|Advanced Smishing Stopper|144|eu|waltersjon@gonzales.com|1952-05-24|2020-10-29 06:46:07
